{"MSE": 0.1505491339685418, "MAE": 0.19671455738900545, "MaxDiff": 